trial,channel,true_ratio,value_large,value_small,reader_estimate,absolute_error
1,position,0.15,76,11.4,0,0.15
2,position,0.25,59,14.75,0,0.25
3,position,0.4,76,30.4,0,0.4
4,position,0.55,68,37.4,0,0.55
5,position,0.7,61,42.7,0,0.7
6,position,0.85,64,54.4,0,0.85
7,length,0.15,70,10.5,10,0.04999999999999999
8,length,0.25,86,21.5,20,0.04999999999999999
9,length,0.4,78,31.2,30,0.10000000000000003
10,length,0.55,48,26.4,60,0.04999999999999993
11,length,0.7,88,61.6,70,0.0
12,length,0.85,48,40.8,80,0.04999999999999993
13,angle,0.15,72,10.8,5,0.09999999999999999
14,angle,0.25,80,20.0,25,0.0
15,angle,0.4,69,27.6,40,0.0
16,angle,0.55,88,48.4,15,0.4
17,angle,0.7,68,47.6,35,0.35
18,angle,0.85,82,69.7,90,0.050000000000000044
19,area,0.15,68,10.2,20,0.05000000000000002
20,area,0.25,49,12.25,20,0.04999999999999999
21,area,0.4,86,34.4,30,0.10000000000000003
22,area,0.55,60,33.0,40,0.15000000000000002
23,area,0.7,45,31.5,70,0.0
24,area,0.85,79,67.15,80,0.04999999999999993
25,colour,0.15,82,12.3,0,0.15
26,colour,0.25,79,19.75,0,0.25
27,colour,0.4,66,26.4,0,0.4
28,colour,0.55,64,35.2,0,0.55
29,colour,0.7,54,37.8,0,0.7
30,colour,0.85,65,55.25,0,0.85
